t,traj_0,traj_1,traj_2,traj_3,traj_4,traj_5,traj_6,traj_7,traj_8,traj_9
0.000000000000000000e+00,1.000000000000000222e+00,1.000000000000003775e+00,1.000000000000107914e+00,1.000000000000033529e+00,1.000000000000043521e+00,1.000000000000030642e+00,1.000000000000030198e+00,9.999999999999965583e-01,1.000000000000010436e+00,1.000000000000016875e+00
1.000000000000000021e-02,8.954435611191509103e-01,8.793078422851091647e-01,9.730023587265023144e-01,8.376811603166682829e-01,3.522882647847945248e-01,9.169036557186663883e-01,7.725733686859103111e-01,9.653679181587360159e-01,1.473614786619457662e-01,5.843082741069143271e-01
2.000000000000000042e-02,8.141826199754006455e-01,8.104076692515356228e-01,9.113934834539375585e-01,7.763094139929882509e-01,7.233520673078017715e-01,5.983031948877419737e-01,5.546739660356221346e-01,9.311845525838662319e-01,7.066019222058891325e-01,3.133094581300387982e-01
2.999999999999999889e-02,6.426925565255878769e-01,6.393103710658686323e-01,8.750041687523013589e-01,7.212019555439342922e-01,5.842801330100769741e-01,3.463593415729671610e-01,2.600111390234530750e-01,8.438642761168937412e-01,2.692880556009945581e-01,1.384036932198312864e-01
4.000000000000000083e-02,4.615393078703675100e-01,6.153315017233217388e-01,7.852085394321758338e-01,9.143823986527224168e-01,3.665265436633129981e-01,6.476562464415526188e-01,3.265188047202474686e-01,8.194179482691605898e-01,9.008858378269455347e-01,9.889620503690729758e-02
5.000000000000000278e-02,7.613468741922647665e-01,8.468624161767117631e-01,8.919106632117947964e-01,6.878911791451322033e-01,8.756551778289690668e-01,8.822970741643096915e-01,6.683338640712073175e-01,8.951240956063076792e-01,4.875358625893020381e-01,3.884947602429701385e-01
5.999999999999999778e-02,7.191790648089720905e-01,8.341953178457159890e-01,9.370065048494581328e-01,8.428833491542698786e-01,6.611248220876173587e-01,5.902761218625982576e-01,3.718038435276125320e-01,9.521820456249757703e-01,9.279286371053457882e-01,7.921133324813196541e-01
7.000000000000000666e-02,8.913601738854518564e-01,7.794527242297653036e-01,8.497039985258937334e-01,9.741396735067148205e-01,9.010952196593107200e-01,9.103521944500355678e-01,7.649088444200115022e-01,9.613223110045958641e-01,8.205478928631719793e-01,6.149603457619995384e-01
8.000000000000000167e-02,9.061455681574511756e-01,7.901211264455746397e-01,9.512919544071540834e-01,9.561855194545990644e-01,8.555768353588192321e-01,9.605659080735243771e-01,3.087049758696537305e-01,9.292932028324017990e-01,8.193358745927526998e-01,5.813242296623502003e-01
8.999999999999999667e-02,7.529437500822346863e-01,7.496819417325000234e-01,8.645279668721130850e-01,8.340048623597589028e-01,7.121399437334861027e-01,9.543710789016521812e-01,8.030915242316831737e-01,9.392794233182465424e-01,3.499625478866832395e-01,6.964206797360430468e-01
1.000000000000000056e-01,7.839999515490091442e-01,6.363024898411547836e-01,8.413386913422183921e-01,7.708144582838452052e-01,5.033838233796779082e-01,8.515031131382856389e-01,5.887729228954627914e-01,8.958688170248692018e-01,6.425973438749095212e-01,3.310580358590610728e-01
1.100000000000000006e-01,6.571738197848782104e-01,7.248390770662417326e-01,8.795990895106028384e-01,6.104029884036065168e-01,8.451563042649595792e-01,3.684360808946717802e-01,8.339036392871059800e-01,9.248101760190865495e-01,1.924686415780121340e-01,3.005407316437643805e-01
1.199999999999999956e-01,6.279362728162823926e-01,7.468825762410381541e-01,8.542706099735065672e-01,8.129543824029674681e-01,5.990345691680436513e-01,2.629769220027386445e-01,4.792702543432175166e-01,8.763236571267267738e-01,8.009222607554054019e-01,3.279241486447059262e-01
1.300000000000000044e-01,8.078873119749042653e-01,7.925990688031422371e-01,9.354411756164427993e-01,9.288924764347539220e-01,7.216777593353669307e-01,5.297909675227248094e-01,2.569124661975278334e-01,9.412788570538263011e-01,6.632220091294843689e-02,1.870537708765040719e-01
1.400000000000000133e-01,8.356463726713830864e-01,7.945759506787604121e-01,9.611603197151828981e-01,9.112423226363702833e-01,6.873901811366323056e-01,9.955081184588313592e-01,2.106933569118092930e-01,9.595398308774066853e-01,8.937873831985172490e-01,1.152274509166257982e-01
1.499999999999999944e-01,7.476973797113060094e-01,8.120290381318105988e-01,9.444917088069018085e-01,8.934973752418591264e-01,2.418845682741387337e-01,7.672719501140771170e-01,4.380137058628300051e-01,9.518906818270724823e-01,7.360434386534412399e-01,4.611128704037806836e-01
1.600000000000000033e-01,7.478769192706258284e-01,8.182867396276202188e-01,9.015460085438115057e-01,8.584517628344975337e-01,8.552435177892105944e-01,9.222055453522284285e-01,8.879554368783022511e-01,8.991886305716570993e-01,4.871238864333220508e-01,6.447089989777601282e-01
1.700000000000000122e-01,6.105790659137160237e-01,6.415184944566496572e-01,8.316517438217227998e-01,9.179515738512575851e-01,3.299633241420589780e-01,7.909801958026357882e-01,5.446756695692981376e-01,8.409268854547998773e-01,6.268289434463266696e-01,4.355030981485761288e-01
1.799999999999999933e-01,8.472730566956082621e-01,7.024059859813904794e-01,8.185877909161293209e-01,6.878350826898751436e-01,6.329587371397894513e-01,8.845030898706838229e-01,7.083142165188300865e-01,8.292322442132520344e-01,5.551297823207060889e-01,4.434195310977206983e-01
1.900000000000000022e-01,7.163265018709964460e-01,7.912159913700531622e-01,8.555407135482864245e-01,5.750313586529441912e-01,5.434529393894734772e-01,8.935931018164180450e-01,3.840486462391677902e-01,9.252866595042300579e-01,6.325580109911682625e-01,2.269731734926980216e-01
2.000000000000000111e-01,8.017499535288193924e-01,6.606639499098798662e-01,8.121398060419025011e-01,7.961341939291689540e-01,3.257142512873149598e-01,4.324672727888375090e-01,3.328736419451366890e-01,9.491208734072585917e-01,7.725930306152207772e-01,2.828182518884386765e-01
2.099999999999999922e-01,9.665636537251653948e-01,8.108155129148273410e-01,9.018957834690456421e-01,9.710816154694579261e-01,8.108252213883707649e-01,4.353249606974810004e-01,5.518750828407485987e-01,9.688605941212907746e-01,4.733459352741441473e-01,7.587126178298841950e-01
2.200000000000000011e-01,8.510563695779429505e-01,7.688886615543211178e-01,8.439511344209034149e-01,7.676312106356346643e-01,5.551578483910597495e-01,5.678332955017344474e-01,4.242271501185395088e-01,9.547155514795476750e-01,8.844765547207193990e-01,8.266608904945398351e-01
2.300000000000000100e-01,7.961047739893025721e-01,6.042130535442623573e-01,7.343087706229770584e-01,9.307995055108930771e-01,6.796931748647763172e-01,9.182212525941386705e-01,6.181942178262250787e-01,9.024666403382507474e-01,4.640517945293552438e-01,3.745860633973643883e-01
2.399999999999999911e-01,5.406369084672422165e-01,5.494561340410993866e-01,8.067803719742578927e-01,8.602016265018241903e-01,4.571273383313433358e-01,7.078562208067747941e-01,3.777986133307401628e-01,8.479169916082612835e-01,3.515090572164717431e-01,3.801397633855005398e-01
2.500000000000000000e-01,6.153887497207041202e-01,5.700488537712659065e-01,7.370006008578219303e-01,8.824364655927758871e-01,3.740986737724544819e-01,7.204872067072130015e-01,5.498826763567906672e-01,8.181742392094483174e-01,4.461300137937435073e-01,3.591022804869367646e-02
2.600000000000000089e-01,8.245532083661263334e-01,6.548409203791227817e-01,7.804931558177792272e-01,6.677209639836044763e-01,4.325070452626194606e-01,5.239260362310871333e-01,7.056155669202081038e-01,8.590047266170515172e-01,5.184464256228292767e-01,3.399845966109290019e-01
2.700000000000000178e-01,7.421434221651530549e-01,6.821798868412571881e-01,8.758516495258820145e-01,6.181155002156772937e-01,8.294614293707415209e-01,7.263262619537202980e-01,7.841266616872768491e-01,9.100941398419213346e-01,6.091439199773899249e-01,8.835944396562158687e-01
2.800000000000000266e-01,8.680616291753486813e-01,6.702733293394673719e-01,8.544498322623268471e-01,6.471077374926369474e-01,5.538691118362005783e-01,9.729710341005854968e-01,6.172512423119306257e-01,9.607800926104248518e-01,3.728367390871424325e-01,6.586594303231264602e-01
2.899999999999999800e-01,8.606405320635998057e-01,5.971699497427886971e-01,8.593822876028965885e-01,9.088362627677717409e-01,3.907167666816462881e-01,6.412696266902538911e-01,3.659310275069820872e-01,8.964991512301672127e-01,8.527884160223659915e-01,2.626276347014951384e-01
2.999999999999999889e-01,7.639723283371367968e-01,6.255858182024955916e-01,8.430905693478035756e-01,8.477566353546140965e-01,2.741703174920526731e-01,6.764943507505175591e-01,1.360771170536700936e-01,9.320982668386424974e-01,3.614881712263782187e-01,1.651031624196003800e-01
3.099999999999999978e-01,6.320043326934897676e-01,5.601603785743632935e-01,7.780797196291245887e-01,8.792883802631610290e-01,9.444830666096847016e-02,7.130207459356743271e-01,8.727128833026742694e-02,8.718967260578192047e-01,6.686786859343349931e-01,8.259058617696590776e-02
3.200000000000000067e-01,5.324014787767445966e-01,5.727637074544837947e-01,7.534338282329969827e-01,6.277575402482343803e-01,6.658238290255086289e-01,7.416856504963452723e-01,6.240067473193490200e-01,8.398195973605470099e-01,2.973085926579226435e-01,2.578678430572680647e-01
3.300000000000000155e-01,6.133335743967015530e-01,5.196058281632045528e-01,7.932601140001800388e-01,7.878769413607870087e-01,3.145090395037067887e-01,8.424289397776394406e-01,1.961877167521291210e-01,8.385239437919134176e-01,7.228927215968748987e-01,6.561964519493458381e-01
3.400000000000000244e-01,7.330745390558859320e-01,5.429812648359823024e-01,7.755293581677545900e-01,8.454187809887525606e-01,4.113974100663527200e-01,5.430684764411252141e-01,5.495534545535092352e-01,8.306706281047069318e-01,7.113121220679418100e-01,3.601353086768157574e-01
3.500000000000000333e-01,7.490033840704611867e-01,6.535131922526706827e-01,8.192328777572189802e-01,6.457741375351898627e-01,1.537034304539694751e-01,2.958630167286526169e-01,3.544914130942531383e-01,9.069234145727239627e-01,6.664787995286454159e-01,4.406533572618221428e-01
3.599999999999999867e-01,7.852423376804695820e-01,5.380880251614941212e-01,7.684977684577606327e-01,5.272440579771275893e-01,1.178594045262949391e-01,5.590934574553090286e-01,3.727212616710351423e-01,8.696675009932339773e-01,6.247609609199998859e-01,6.427821394057601223e-01
3.699999999999999956e-01,6.669898804402258907e-01,5.414350500925785292e-01,7.443745089410661597e-01,7.836602249773664264e-01,5.484821010901279603e-01,8.756182714679149326e-01,4.640700688163268417e-01,8.514152397272086725e-01,8.241169375717919410e-01,6.662482305221985035e-01
3.800000000000000044e-01,5.702451280971567726e-01,4.441713046835659151e-01,7.277709737863438111e-01,7.703572960013046478e-01,3.489866610652187506e-01,7.702497892809737623e-01,5.282004436654236246e-01,7.967710401543648402e-01,2.276038335599328832e-01,5.023772068481737740e-01
3.900000000000000133e-01,5.412271158310285601e-01,4.540630951023854056e-01,6.376635874047362762e-01,7.225672911988438862e-01,5.152561677858036315e-01,7.241175407303548361e-01,3.404180755308496842e-01,8.138894726376875166e-01,5.139193472459400169e-01,3.968717237297183509e-01
4.000000000000000222e-01,5.323272662390409193e-01,4.967621811900860274e-01,7.061338287598907248e-01,6.248423761021190126e-01,1.721308167151121837e-01,7.760037159767906312e-01,3.114272390643810229e-01,8.571479578448638614e-01,1.780394809212924867e-01,-4.671846531278690817e-02
4.100000000000000311e-01,6.549020517473076453e-01,4.257280950928142849e-01,7.100430143613748468e-01,6.632468566199317683e-01,7.380049444174999196e-02,6.186107217105745182e-01,1.964929479315765670e-01,8.888821736106549132e-01,8.317285916122975076e-01,1.515500397349640038e-01
4.199999999999999845e-01,7.667458702356468869e-01,4.591592627124832515e-01,7.180488326747272998e-01,7.203483682456797155e-01,3.258947809973794518e-01,9.060148383678845452e-01,3.017675045285200253e-01,8.984982461875398174e-01,1.417789798790017042e-01,5.208087035118554864e-01
4.299999999999999933e-01,6.988828804181634879e-01,4.807302942064479168e-01,7.025422567175564348e-01,5.893927347534424488e-01,6.340704146903135552e-01,5.321195299373516763e-01,4.915434330038868649e-01,8.746019197101941867e-01,8.188729119881370533e-01,8.651345324137166282e-01
4.400000000000000022e-01,6.924464171783205613e-01,3.893394987199799706e-01,6.310251050869567502e-01,5.912384245651254311e-01,3.885046286604214583e-01,2.866414206891406691e-01,3.890579391992579628e-01,8.377647018557248249e-01,4.534608104348373248e-01,6.432084691536174015e-01
4.500000000000000111e-01,5.672573415309171141e-01,3.805509301806896394e-01,5.805401224003292615e-01,6.154958778963773858e-01,2.114542072811109730e-01,5.268635039875907422e-01,2.410517580501553569e-01,7.719450264494147618e-01,6.222734631069625211e-01,7.061435318659072813e-01
4.600000000000000200e-01,5.817114467695447821e-01,4.668557597231171585e-01,5.350954455879467497e-01,6.151668954580966631e-01,1.030607121542622025e-02,8.059830715748290686e-01,2.415470879121904280e-01,7.302827032665578644e-01,3.614607746748344508e-01,2.341900552090324730e-02
4.700000000000000289e-01,4.996598809933207597e-01,4.195070626702502858e-01,5.422720064193597977e-01,6.032543801465644062e-01,7.726595772994521161e-02,8.039881246491362710e-01,5.717338451969398994e-02,7.388007442773198985e-01,6.341779519138817101e-01,9.949269233870115803e-02
4.799999999999999822e-01,5.963022768406682772e-01,3.964006080229554030e-01,5.583764537248723236e-01,5.339674829534424294e-01,6.601465448098445821e-01,6.928235289043659373e-01,3.076060003842443491e-01,7.787915301617094332e-01,5.785697493048492790e-01,4.795052035079169217e-01
4.899999999999999911e-01,7.369708944286580410e-01,3.861498254522565121e-01,5.053861028103431297e-01,3.695818615558952858e-01,3.418616588413195823e-01,6.564095988725993092e-01,2.003172312671373800e-01,7.991156638862716433e-01,8.042458167386723478e-01,4.582713160001346542e-01
5.000000000000000000e-01,7.400954945256298378e-01,3.689659621831375969e-01,4.669640479030476854e-01,5.930265319889141962e-01,2.894483303353552195e-01,3.923915614402562202e-01,4.378942829131222680e-01,7.963844870684417820e-01,1.022011387522187842e-01,5.068076726170371860e-01
5.100000000000000089e-01,6.846086130215669474e-01,3.755718660406781595e-01,4.597883908696016042e-01,5.877058967770966147e-01,5.269365287123179559e-02,8.055925492297162371e-01,3.562071800833501722e-01,7.746179712491846336e-01,7.107216534370114358e-01,5.268293340483514164e-01
5.200000000000000178e-01,5.794613234457571815e-01,3.466993307696977777e-01,3.779019748417194458e-01,5.126479010583934182e-01,3.062292030874578380e-02,6.092848466599750656e-01,3.108111397351265848e-01,7.756022799236119702e-01,1.622058395602375136e-01,4.346055808218239336e-01
5.300000000000000266e-01,6.623455604115107143e-01,3.915421771148848151e-01,3.628976911126648996e-01,4.363979032279880488e-01,4.315283022011792147e-01,4.666358041814682167e-01,6.014637010916065174e-01,7.185800528517285457e-01,4.549911889240904062e-01,4.724737035150069486e-01
5.400000000000000355e-01,5.577435608980900739e-01,3.771527279017508061e-01,3.659541245775578266e-01,5.473057868526112202e-01,4.248315512264574934e-01,6.464567213645119326e-01,4.516365137972265242e-01,7.454495570748990163e-01,1.959035276702285888e-01,7.223257872093679088e-01
5.500000000000000444e-01,6.073613790629309728e-01,2.940850840689946399e-01,3.445599168504534515e-01,5.180968094005116154e-01,5.651086479751159519e-01,7.757781793915466961e-01,3.405978180193084404e-01,7.139288559643366394e-01,7.210372354026515218e-01,1.563473662836856876e-02
5.600000000000000533e-01,5.664998165928637475e-01,3.313779483394070358e-01,3.896044945709521978e-01,4.536568026166897805e-01,1.999570608886364620e-01,8.171825663602106937e-01,2.551717973941163842e-01,7.801986687014569322e-01,5.965139103735658255e-01,3.456037581453809682e-01
5.700000000000000622e-01,6.420232977624473758e-01,3.260294956251778009e-01,3.705732205950308389e-01,2.898523710138969367e-01,4.152272488905348058e-02,5.454385950218962886e-01,1.072320270908432571e-01,7.510653038106656076e-01,6.825180868827741554e-01,1.231540357420906201e-01
5.799999999999999600e-01,5.556803309706165317e-01,3.433861180261323365e-01,3.505324327918538097e-01,4.324077190751720035e-01,2.182369160484268489e-01,3.413584701200591542e-01,4.779378482662952066e-02,7.292657719547172013e-01,6.654836682870877151e-01,1.562244574031621258e-01
5.899999999999999689e-01,4.682375166088704188e-01,3.159788142360795415e-01,3.217736403949412738e-01,4.142938761656017044e-01,5.065800804337869945e-01,2.028865153455404469e-01,2.700364676562416189e-01,6.819627316928272842e-01,5.244721509248548852e-01,4.827611537696025468e-01
5.999999999999999778e-01,4.514273228983489150e-01,2.954949767315713238e-01,3.080639964226517535e-01,4.475275328925041873e-01,4.326969611549236205e-01,5.566155720779907279e-01,1.864604225651356750e-01,6.552567600576771900e-01,3.938041850115170384e-01,5.920352062139935256e-01
6.099999999999999867e-01,5.709895863626004431e-01,3.215244783574414678e-01,3.071493514061911512e-01,4.474475544762377410e-01,2.854000997540960816e-01,6.690313651293037234e-01,3.322984133826167863e-01,6.940104481130497938e-01,3.934757041680877476e-01,-9.722383549927177127e-02
6.199999999999999956e-01,5.305148820601138793e-01,2.993163816318746284e-01,3.249368914433051758e-01,4.256960876107354075e-01,1.200237142178177951e-01,6.420533044076894846e-01,3.735293506759815307e-01,6.830310113899275004e-01,2.077889994312994149e-01,3.039552130815038611e-01
6.300000000000000044e-01,5.847204140005483053e-01,2.827770953781105767e-01,3.496275076365867873e-01,3.523950143366532117e-01,6.635879768953494018e-02,7.488161830473777369e-01,1.550231088290999759e-01,6.855223409457931183e-01,7.478838360950921249e-01,4.258649582240180975e-01
6.400000000000000133e-01,5.447124192253793851e-01,3.265065053345935220e-01,3.475624934907604602e-01,3.568128120517772284e-01,4.653226366695388250e-01,6.923312534272303420e-01,2.428437158759748082e-01,6.758674295482109962e-01,1.736252595977894886e-01,3.700098076794182678e-01
6.500000000000000222e-01,4.797160150425795466e-01,3.014779165769635449e-01,3.330898676294705152e-01,2.411249733621079472e-01,2.849263953291059637e-01,6.977660881107382584e-01,3.152079685395695052e-01,6.554778807949365182e-01,3.712572831171173648e-01,5.186485374146055927e-01
6.600000000000000311e-01,4.211038107979256928e-01,2.731027063640857899e-01,3.210565833207443265e-01,2.456284940807122175e-01,2.841264842383952050e-01,4.914035599573773894e-01,4.888828692854357838e-01,6.104316074088348421e-01,4.257862673118442132e-01,3.932028061789363260e-01
6.700000000000000400e-01,3.489190773807374080e-01,3.487481425274324143e-01,3.190973221601546839e-01,2.854187469821757861e-01,2.005862869364740397e-01,1.657185703885039330e-01,4.983305117106394122e-01,5.705749380922826575e-01,3.350576573623093024e-01,2.016468888927753222e-01
6.800000000000000488e-01,3.788406306000979828e-01,3.016023599192715343e-01,2.879846650090818194e-01,3.069802522854152005e-01,6.048521036939369377e-02,2.167917763847730939e-01,2.523522628785850874e-01,5.796279682038358860e-01,4.087502826749065399e-01,1.243823070298864658e-01
6.900000000000000577e-01,4.680316278726968093e-01,2.656808104847461216e-01,3.093433899971073098e-01,2.884382700854328796e-01,3.345866330644154951e-01,4.792585300961827444e-01,2.991342875373268484e-01,6.272476712726658965e-01,4.455128174311004385e-01,5.686985872048904156e-01
7.000000000000000666e-01,5.464895918593082325e-01,2.493611459918952666e-01,3.333149498562330004e-01,2.451407468607810503e-01,3.252629810785340192e-01,6.956020963132825141e-01,2.805247337155336584e-01,6.248869220443783457e-01,6.594466511091370275e-01,2.738851985721879601e-01
7.099999999999999645e-01,5.370751528035693223e-01,2.224931010982159341e-01,3.025582085865297644e-01,2.677933446933663530e-01,4.381313776778874569e-01,6.744681706178479175e-01,3.315534892415097912e-01,5.913869330802407065e-01,4.719328915154267778e-01,5.572980437515339114e-01
7.199999999999999734e-01,4.753978229555772539e-01,2.501627654083493635e-01,3.286933970825946516e-01,2.507256179853249445e-01,2.672815773294134889e-01,6.141987902852951153e-01,1.291441745559074594e-01,6.063844894291963161e-01,4.885384223458376085e-01,3.224411798239086302e-01
7.299999999999999822e-01,4.022670275400664908e-01,2.471861968271102106e-01,2.971181780074287349e-01,1.681069818987864783e-01,1.450727606755329857e-01,4.511533140407365527e-01,5.545422053496538300e-03,5.670521365946337156e-01,2.613056353909741780e-01,4.664733183772742930e-01
7.399999999999999911e-01,3.844656967473363274e-01,2.829387219827834699e-01,2.839264769428766488e-01,1.565130997444786898e-01,2.283479340562649396e-01,5.477598864484640728e-01,1.746725220829117506e-02,5.293883861785062539e-01,3.403360035900480640e-01,6.868967479737261850e-02
7.500000000000000000e-01,2.691575785756808448e-01,2.841431118216518059e-01,2.771142921687036464e-01,2.222664777404800007e-01,3.609371129626987029e-01,5.267149683212711819e-01,1.058137386118416234e-01,4.943888753562452609e-01,2.771895793907178107e-01,2.303561149281111720e-01
7.600000000000000089e-01,3.770880164185358430e-01,2.106453779242730417e-01,2.453614269614179111e-01,1.994559070448423399e-01,3.958142402561720674e-01,2.258246662307682451e-01,1.684451230600333693e-01,5.006606133109487988e-01,1.420931749385665188e-01,2.595593606112351487e-02
7.700000000000000178e-01,3.349070969779887608e-01,1.576875964705425903e-01,2.428734974748636422e-01,2.230470048174919007e-01,3.118817525262465029e-01,3.907374901525067501e-01,2.383952486062445586e-01,5.179362984841603401e-01,4.564068198205714078e-01,3.155339255712413249e-01
7.800000000000000266e-01,4.014877242665580437e-01,1.667854284660855446e-01,2.350695705073422015e-01,1.956438985261497732e-01,2.149141449362892420e-01,4.581761272701767029e-01,2.846545106360580113e-01,5.201537211637512481e-01,4.549746289130349730e-01,4.408823348713318269e-01
7.900000000000000355e-01,4.221371147646038047e-01,1.891346443536245647e-01,2.058858329360135075e-01,1.888639538183524424e-01,4.974482439284279994e-02,5.880131223913103167e-01,2.106080397761061485e-01,4.770596768899637574e-01,1.659012572019120391e-01,4.301663008598524129e-01
8.000000000000000444e-01,3.507827002261033611e-01,2.333607248130253886e-01,2.003898927542570874e-01,1.633360934118122110e-01,3.212678454498776870e-01,5.320188456629995066e-01,4.582756663845357070e-01,4.999598328320655760e-01,4.921030916505016450e-01,5.441522735016417478e-01
8.100000000000000533e-01,3.355378036284863419e-01,2.106134510950664895e-01,1.728882182225692510e-01,1.649502113485671329e-01,2.188343927268875388e-01,3.503999296396081986e-01,4.014534797217544915e-01,4.562031564328724587e-01,2.288913386630292424e-01,4.209348804672706224e-01
8.200000000000000622e-01,3.796821326505170902e-01,2.273336906432971150e-01,1.467230209252524953e-01,1.439747495713548653e-01,2.668335817510046337e-01,2.125054257583215422e-01,3.597906717385467856e-01,4.534161206990262039e-01,3.925024693997673508e-01,1.949979050830304705e-01
8.300000000000000711e-01,3.004275588141557818e-01,2.306613808945477684e-01,1.476945224464141782e-01,1.724395960688691332e-01,2.931658652120796016e-01,3.500699606523929308e-01,1.704441139847926168e-01,4.570604449736081487e-01,2.371511638797642596e-01,6.301953224799199116e-02
8.399999999999999689e-01,3.834640691853309358e-01,1.552031949061033755e-01,1.206634948707736438e-01,1.488492544722773703e-01,4.638094942282817990e-02,5.046537884815106567e-01,9.481641620365847956e-02,4.548737430817368366e-01,4.128962359734834608e-01,2.414517637535704697e-01
8.499999999999999778e-01,3.361332330049114914e-01,1.371631787561328475e-01,1.030907001869394019e-01,1.651090780182221940e-01,2.342406060949185076e-01,2.860251677805967230e-01,7.048395237355643828e-02,4.405679727331789364e-01,4.785208668587993541e-01,1.089720776313711642e-01
8.599999999999999867e-01,3.286908232713737776e-01,1.621616692876181043e-01,9.307774538359012140e-02,1.141723303497185205e-01,1.752414801483885842e-01,4.289271524020344950e-01,9.485417132444691479e-02,4.170380952926679430e-01,3.762736715351446826e-01,4.148698858511934429e-01
8.699999999999999956e-01,3.113203991302756490e-01,1.930730348865579982e-01,7.416894817881750090e-02,1.069523476568026848e-01,2.690488067773230685e-01,3.707345364150598233e-01,1.828383734497075752e-01,3.902286426198846581e-01,2.604053965247783986e-01,3.292853190519103856e-01
8.800000000000000044e-01,2.601602570533824710e-01,2.673099879790991618e-01,7.166074934255496631e-02,1.223899535610497996e-01,2.828249682306957502e-01,3.774621707309138707e-01,6.201977255568751762e-02,3.899142953096613740e-01,3.242072370220737687e-01,4.389065314928465300e-01
8.900000000000000133e-01,3.507363035163211240e-01,2.497170067322692921e-01,6.696325832013158563e-02,1.208308896809987820e-01,1.854681096628161552e-01,3.964583543117910502e-01,1.391071081927309372e+01,3.720845067719824040e-01,2.383366461789932778e-01,2.463457379269690080e+02
9.000000000000000222e-01,2.846155219777886658e-01,1.877210606421722827e-01,6.514872751562382491e-02,8.551616129731440252e-02,1.929374947408382113e-01,2.331844101916441536e-01,7.050101555561885669e-02,3.600759322231763537e-01,3.348218534520518985e-01,2.470325879832768468e-01
9.100000000000000311e-01,3.034768453229998997e-01,1.690788866969797355e-01,5.928445530489573345e-02,1.133062348584930878e-01,1.956011435151971678e-01,1.253452809870359841e-01,7.228030483970555864e-02,3.861667177461346467e-01,1.028384891966653975e-01,4.512540409809136233e-02
9.200000000000000400e-01,2.981372126677532819e-01,1.488025048644935899e-01,5.407667690829789237e-02,1.157327278933215908e-01,2.189503107945832139e-01,2.523365941717922167e-01,1.126711507469046192e-01,3.586111293695914970e-01,4.655438708126403147e-01,1.703796290688072146e-01
9.300000000000000488e-01,2.468955938587994170e-01,1.643425014200158574e-01,5.394740340999311379e-02,1.048075610797395696e-01,2.031831489236488875e-01,3.995698161434979023e-01,2.215385353389886791e-01,3.590373075958601112e-01,1.339922063211235748e-01,2.680879282006167763e-01
9.400000000000000577e-01,2.272190421702999508e-01,2.038960900472753524e-01,5.466880482014449538e-02,7.600306068904949530e-02,2.098331457553655743e-01,3.041835516811662865e-01,8.342099386946781880e-01,3.396415765072500759e-01,2.739403761952164396e-01,4.513073204767212854e-01
9.500000000000000666e-01,1.688968630665818871e-01,2.715024307227982825e-01,5.405805450969233816e-02,6.701072799620966247e-02,9.047522104273282573e-02,3.162950686429167324e-01,3.837968502337689358e+01,3.274508702916549274e-01,1.887385567524347385e+00,2.422466307772974392e-01
9.599999999999999645e-01,1.691564139475071338e-01,2.833684839871757344e-01,6.275068251327405033e-02,8.049385229209136960e-02,1.930196711032474421e-01,2.748301039532172751e-01,3.368123567887151837e-01,3.113975420312423137e-01,3.109839065344089382e-01,3.801190984447128662e-01
9.699999999999999734e-01,2.423647095281489527e-01,1.769247468798317569e-01,7.378154142557823147e-02,8.596697678839934631e-02,1.107963806976523108e-01,2.899181306761031141e-01,1.338071456830970674e-01,2.876015961602737536e-01,2.698362891902174043e-01,1.684020993579354586e-01
9.799999999999999822e-01,1.878984762592128543e-01,1.514887553681374399e-01,7.796752014847796453e-02,8.802551874999674231e-02,1.314664785590721474e-01,3.660653738854338091e-01,1.622326483804245600e-01,2.949549875346982875e-01,3.462508692414247302e-01,7.650781209686309536e-02
9.899999999999999911e-01,2.143617758712983989e-01,1.825372925692524684e-01,9.478824827476974024e-02,9.488187348749081707e-02,1.740625188265826351e-01,2.322687006717628067e-01,9.649661178922654126e-02,3.018735510253811594e-01,3.392733469076960051e-01,4.465403409874996177e-01
1.000000000000000000e+00,2.085481532497540091e-01,1.752641217576264010e-01,9.018043151409881053e-02,8.839817122411994244e-02,3.433180796934886397e-02,1.505836628283399037e-01,6.910043567192418468e-02,2.900973018644117940e-01,3.428315433473442253e-01,1.051908038043513072e-01
1.010000000000000009e+00,1.612055756599978240e-01,1.807900075752490732e-01,8.982748563899603522e-02,8.040966887892796178e-02,1.580437024235670229e-01,2.045435012521051032e-01,2.010459064914079871e-02,2.652516654077204383e-01,2.003748630036021328e-01,7.994876685574843489e-02
1.020000000000000018e+00,1.628548455716591070e-01,2.560537927901296862e-01,1.036550526273724709e-01,7.763661423057346966e-02,1.063612639629777507e-01,2.823474895778446125e-01,1.763278847742932864e-02,2.687370458345451629e-01,1.199204334561902868e-01,1.258529997717761362e-01
1.030000000000000027e+00,1.469844502014537035e-01,2.942704303251394427e-01,9.983637513003677799e-02,4.743092003128477480e-02,1.341938238519645998e-01,2.655014562950349655e-01,1.139910127105564358e-01,2.680425760319068984e-01,9.857237867568612033e-02,2.083985944336145257e-01
1.040000000000000036e+00,1.468689244404364214e-01,2.138681602895474987e-01,1.229844120643405758e-01,6.244099730523829800e-02,1.547746598743282576e-01,4.965152225961635413e-01,9.686291468354815692e-02,2.680312544276122200e-01,2.351780693756967411e-01,5.864021876339851891e-02
1.050000000000000044e+00,1.772866340676670927e-01,1.369730795317356808e-01,1.465183977606869248e-01,7.687645820698503496e-02,9.095405465214226326e-02,1.630640306620226299e-01,1.469070056243151623e-01,2.500511341665729859e-01,-9.916700979123076534e-03,4.057135975856119292e-01
1.060000000000000053e+00,1.442375035774161041e-01,1.332734872607266030e-01,1.492475773206396461e-01,7.718653597751404249e-02,1.015759599571219446e-01,1.626760289585926778e-01,9.895299219909371724e-02,2.418888422990802534e-01,2.911209838592458965e-01,7.510988559868618519e-02
1.070000000000000062e+00,1.657441172945568197e-01,1.689631867626768258e-01,1.512157434752330332e-01,6.066802564294501016e-02,9.688343868301141359e-02,2.729883790567763646e-01,1.025259094696867879e-01,2.446428603515812539e-01,2.063510380131632072e-01,2.061931576999432025e-01
1.080000000000000071e+00,1.247667623348625576e-01,1.541144058235565661e-01,1.397115812496105280e-01,6.859859269985971175e-02,1.204067188095690327e-01,2.184466973011932600e-01,1.221236150726956182e-01,2.254131405350428830e-01,1.491488687072576869e-01,1.791196486644060226e-01
1.090000000000000080e+00,1.057122680906918966e-01,1.790191703967783377e-01,1.271143427723599451e-01,6.741850935165663583e-02,1.144757537188741126e-01,1.714899183120288939e-01,-8.692297067376335562e+00,2.092193553106882209e-01,2.650268548581277139e-01,2.065592498592333792e-01
1.100000000000000089e+00,1.178401815142413739e-01,2.662926768650464848e-01,1.277522766927590703e-01,6.591729418329339563e-02,1.137143666186280766e-01,1.963193203797924391e-01,7.029708373022311441e-02,2.128818802374688179e-01,1.609404788383930474e-01,1.656321597888435193e-01
1.110000000000000098e+00,1.067060436261833695e-01,2.284037836317232839e-01,1.216124837482621956e-01,3.556218538606777113e-02,5.005423743239411499e-02,1.900756182214783652e-01,9.504947687406850587e-02,2.098539992782103014e-01,2.273633833846785968e-01,2.295468966650552334e-01
1.120000000000000107e+00,1.182347184412644858e-01,1.397929522247697010e-01,1.276089622979211802e-01,5.054971536623429490e-02,9.669789263875665231e-02,2.243442510333922002e-01,9.270538384754287153e-02,2.062811455398364524e-01,2.061113015215801092e-01,7.389850008105265655e-02
1.130000000000000115e+00,1.203705172518361038e-01,1.063909901682977832e-01,1.299485278593380255e-01,6.302615177848941430e-02,5.892901623917205789e-02,1.136578965384211493e-01,4.340666667827069308e-02,1.939875866926258907e-01,8.120228744298027546e-02,1.464860554359152800e-01
1.140000000000000124e+00,1.173392064003238172e-01,1.434282595954247397e-01,1.086806702343917491e-01,7.016357847744750242e-02,6.241378416066496043e-02,6.990651925245987275e-02,1.421794193193680611e-01,1.921654284882239883e-01,1.811981542645462462e-01,3.352743731277558759e-01
1.150000000000000133e+00,1.239568350899969834e-01,1.876883579488735354e-01,1.018612312733358227e-01,6.439611473715500800e-02,9.327202006967592884e-02,8.651473030651102292e-02,7.124007359130572758e-02,1.948603894733319242e-01,7.942757724692010857e-02,1.073496046493931239e-01
1.159999999999999920e+00,9.267122943274710978e-02,1.562670816008799590e-01,8.316058168598798594e-02,6.350126070938405531e-02,1.923235623599212074e-02,1.744029298548325224e-01,4.997278524205679695e-02,1.654798272074276544e-01,6.615699115836808086e-02,2.191479874978350673e-01
1.169999999999999929e+00,1.139636696115725600e-01,1.723369508243995651e-01,6.630503773766296960e-02,5.404210781311847428e-02,7.029783565937818002e-02,1.909563545103055704e-01,2.752508214216176433e-02,1.582121374477047093e-01,5.753581866906566644e-02,1.050277061672359319e-01
1.179999999999999938e+00,1.166124279861665836e-01,1.689683563067787830e-01,5.668204892342025569e-02,7.238520973919869428e-02,4.792108552122580772e-02,1.936861424913631502e-01,1.709705458778148363e-02,1.527004333230332078e-01,1.268727163667735802e-01,2.926617867241779192e-02
1.189999999999999947e+00,1.067785570589188382e-01,1.490689158554150129e-01,4.905769235208957274e-02,6.267576416723899535e-02,5.992689997834896309e-02,2.136331617097523838e-01,5.077938669512901959e-02,1.651875039680895663e-01,1.375275810517362363e-01,2.677011988591242175e-02
1.199999999999999956e+00,1.314502112957042501e-01,1.029868137137687351e-01,4.548385083172885868e-02,5.586334942199110837e-02,7.033014512047351674e-02,1.526057764384930460e-01,1.125919095886868532e-01,1.509938300106950793e-01,1.335527343205274997e-01,2.457878146723780355e-01
1.209999999999999964e+00,1.172410703532916487e-01,1.182638199019291902e-01,3.778441488691332284e-02,6.159015113275027181e-02,2.994844237546729140e-02,2.107136205336976043e-01,1.307111758113748412e-01,1.517164439443990098e-01,2.073089989357830842e-01,1.834765867550368010e-02
1.219999999999999973e+00,9.702462663694610967e-02,1.486916498702314515e-01,2.904619648980411376e-02,7.300249317072587951e-02,3.587244282347992058e-02,1.162666123942446006e-01,1.936069736566292943e-01,1.521264854080394691e-01,1.238183898312672088e-01,1.681672485126983752e-01
1.229999999999999982e+00,1.192340382066656851e-01,1.607914303231805786e-01,2.028242696195854677e-02,6.992532108872949459e-02,4.341337832840664462e-02,5.358618684998390364e-02,-3.826400684657137390e+02,1.498590976701262012e-01,4.677474177196129901e+00,1.766618446601312398e-01
1.239999999999999991e+00,8.697131026354881778e-02,1.145877590168501714e-01,1.263406822997201716e-02,5.343920849168579124e-02,5.550757630786316149e-02,9.390065147782186705e-02,1.982343416240425871e+00,1.408022085133123213e-01,2.903931861595275277e-01,1.539367074340206587e-01
1.250000000000000000e+00,8.748347233605881235e-02,1.153269167994995098e-01,8.075078187561479659e-03,4.947325886867462441e-02,4.535878192078527521e-02,1.758963877674045440e-01,6.241566045427380388e-02,1.345660521722030212e-01,1.008241063470401017e-01,9.735298351100776792e-02
1.260000000000000009e+00,8.355721807066979201e-02,1.414522941850007987e-01,5.689239437079661107e-03,6.251634251026852440e-02,3.375667646593041166e-02,1.943903993840543631e-01,8.020852064582567609e-02,1.389230884214214257e-01,1.641686055784332410e-01,1.471167758649116475e-01
1.270000000000000018e+00,6.208277481785293844e-02,1.047144532450877130e-01,4.083968530684954634e-03,5.388395270690159167e-02,1.019696856005708648e-02,1.782990682628712853e-01,2.229445835354978284e-02,1.297846050803076745e-01,8.773781960135662583e-02,3.132588910749352362e-02
1.280000000000000027e+00,7.023991676930967099e-02,1.077545322550936407e-01,4.190668252349305338e-03,3.949813235653672205e-02,2.280092267673860390e-02,1.343999656850764501e-01,2.736256752478626042e-02,1.222300004876044621e-01,1.086949354029115300e-01,5.001061180620874902e-02
1.290000000000000036e+00,4.243729606054705283e-02,1.479715826856756455e-01,5.970635893753402194e-03,5.223549138082465848e-02,3.139835245840900957e-02,4.309622694994889869e-02,1.092815007872049646e-02,1.222346953597377300e-01,9.844493789817679308e-02,9.368965301182834160e-02
1.300000000000000044e+00,4.346432139230663183e-02,1.858684145313173053e-01,7.355284889724741058e-03,5.187095237850596063e-02,3.137622771458362103e-02,1.331392477233477034e-01,3.586201607003652175e-02,1.231680565457027587e-01,7.649384058653546647e-02,6.301451360836266002e-02
1.310000000000000053e+00,4.433346088532785084e-02,1.671735785941285690e-01,1.080282690125730291e-02,5.166272964626748843e-02,3.259149698864823030e-02,1.132882574261978165e-01,1.177403708551728878e-02,1.127030217851627686e-01,5.854222822369879037e-02,1.376384928229726634e-01
1.320000000000000062e+00,5.411840916794043860e-02,1.140337564412465254e-01,1.377264275562640854e-02,4.259152031165389790e-02,2.200724701697600889e-03,5.617954357881326660e-02,5.274134305997085770e-02,1.028356783076082581e-01,7.695524109329174300e-02,1.477216469824667866e-01
1.330000000000000071e+00,4.880801469000366904e-02,1.141574619796579815e-01,1.531159065903460632e-02,4.058600417032232760e-02,7.450948185558409556e-03,1.196286244354358291e-01,3.807299887988337128e-02,1.063208445578484457e-01,1.265374303011496115e-01,6.656837941561509486e-02
1.340000000000000080e+00,4.832865518877187128e-02,1.082965084451487786e-01,1.880335412475336865e-02,4.400252572925352629e-02,1.449008554423679776e-02,1.417313935468504649e-01,2.695515507230658234e-02,1.049982741299303884e-01,5.144339507580072274e-02,4.607720312298701354e-02
1.350000000000000089e+00,5.049074862580819889e-02,1.007653216379917893e-01,2.214117372064941178e-02,6.085742389490013393e-02,2.749427943502990787e-02,1.415303792600635380e-01,1.759901181208269744e-02,9.947637356065645864e-02,1.004732363878534790e-01,5.109732623630028336e-02
1.360000000000000098e+00,4.027197303311403492e-02,9.590141774960865562e-02,2.679464221857058223e-02,5.604794887654979824e-02,3.237905399587003713e-02,1.198649170424372773e-01,5.651492127563512852e-02,9.628832443457764623e-02,8.819693659818964027e-02,8.499555585974261085e-03
1.370000000000000107e+00,3.248722172728287644e-02,1.471293548590718869e-01,3.289000342359353624e-02,6.204605350247527351e-02,7.737989311613341706e-03,5.368672410140116341e-02,1.729676867710719712e+00,9.690341926101082859e-02,1.963634917973011151e-01,1.120500798247405089e-01
1.380000000000000115e+00,3.682489105937753610e-02,1.395327022727007038e-01,3.732245578417163479e-02,5.484265025129725357e-02,2.012153915866664658e-03,3.301380930475011910e-02,9.955472144188220796e+00,9.592383902259007944e-02,2.500955150472597976e-01,1.059850383735801704e-01
1.390000000000000124e+00,3.665662757333020688e-02,8.593725231392651542e-02,3.904147758113647032e-02,7.477710088238052888e-02,6.883123203139366111e-03,8.040044916472845193e-02,1.492018925840634114e-01,8.591432017175475166e-02,4.640735892906627802e-02,1.239056132177241004e-01
1.400000000000000133e+00,4.194827520959370365e-02,6.878344698872740359e-02,3.617388621517718394e-02,6.717789545699304199e-02,2.274340460546665083e-02,1.182283324393919449e-01,4.383245097034342563e-02,8.234399063727826373e-02,9.351792121425918369e-02,1.243862707320060046e-01
1.409999999999999920e+00,4.791321187382432262e-02,9.306165851548739432e-02,3.262091032583211425e-02,5.236369312180391006e-02,2.583666709861790270e-02,8.918392897442589673e-02,4.583372609884305005e-02,8.835707254350526341e-02,9.413875120138660846e-02,1.117725008115759006e-01
1.419999999999999929e+00,4.113118622169676525e-02,9.478267941842187516e-02,2.936199819940142272e-02,5.316721908935739815e-02,1.605839462759320324e-02,1.225104997897841774e-01,5.888868050505587093e-02,8.081525260801038224e-02,3.199723031397595091e-02,2.276135827176744078e-02
1.429999999999999938e+00,3.401463526022072831e-02,7.017439124832132447e-02,2.623959854248264500e-02,7.560436794394573279e-02,1.934695717998642043e-03,1.061390668061251846e-01,3.386088729296488770e-02,7.916484339963132666e-02,6.110921848089350544e-02,9.006465169109659219e-02
1.439999999999999947e+00,3.379999760209738413e-02,9.345928431389431690e-02,2.641917462755917836e-02,5.999538690795153811e-02,1.641472822752684715e-03,9.423351079336240999e-02,1.974362381332375738e-03,7.679361298704122374e-02,3.851896262473293586e-02,5.207279446083682567e-02
1.449999999999999956e+00,2.519204079911813512e-02,1.245601260454016063e-01,2.821441037375203853e-02,6.405961007104701843e-02,1.247701002977366982e-02,9.469885499975082277e-02,7.177805101046574529e-03,8.315257169255205194e-02,3.107043893600641357e-02,2.153704412890356662e-02
1.459999999999999964e+00,2.443566777046326383e-02,9.974261735173656218e-02,2.650236003985917063e-02,6.071888089284510626e-02,1.673323481978689770e-02,3.920333805136391042e-02,1.447723934644516881e-02,7.491074262384729565e-02,2.926587440446914642e-02,3.344687872016107594e-02
1.469999999999999973e+00,2.793859280511821336e-02,8.918241082496367045e-02,2.739514714377190227e-02,5.868238880671921426e-02,2.039879765975030970e-02,4.166015886100992577e-02,5.933225482908323356e-02,6.884185425109207168e-02,7.714898269889468307e-02,5.314981689071320015e-02
1.479999999999999982e+00,2.222462590052381309e-02,8.548403018993769309e-02,2.272481753050928713e-02,4.511509185451862552e-02,5.720025902818218514e-04,6.493788586865924251e-02,6.530736982409274249e-02,6.564454660841963218e-02,7.685866596993087829e-02,5.009159713852683049e-02
1.489999999999999991e+00,2.936896233508618989e-02,1.073696490714576152e-01,1.787148097434257399e-02,3.410053089045679553e-02,2.320151963588473342e-04,1.107725343225860609e-01,5.038442686880036103e-02,6.818082065946988457e-02,6.468396713034382794e-02,5.930671470857756811e-02
1.500000000000000000e+00,2.294767699055203988e-02,9.283782400233142607e-02,1.392250896959031786e-02,3.421877089157895208e-02,5.572198147962875887e-03,8.530305245486802246e-02,5.032671824718942810e-02,6.418201945061445535e-02,7.898360321617295399e-02,9.847163639677600222e-02
1.510000000000000009e+00,2.562789448055852876e-02,7.686791047724125803e-02,1.154694708421084154e-02,3.932686744408872559e-02,1.469915869027452887e-02,7.527944117770524191e-02,3.901245803606288032e-01,5.954004030860094582e-02,7.791541528807038874e-02,2.766271720652293403e-02
1.520000000000000018e+00,2.611419261092538802e-02,6.704249224969602294e-02,1.075367570157568196e-02,3.815372213139646418e-02,2.283952244369879744e-02,5.872896395299982003e-02,3.105507202433901992e-01,6.203648949722936901e-02,-4.305352030231603816e-03,3.496999934063989984e-02
1.530000000000000027e+00,2.638183628871573067e-02,6.883193281279000042e-02,1.012068670215393422e-02,4.086817791759785740e-02,4.482619012818335122e-03,7.523864612762749815e-02,1.712619449258877824e-01,6.141727748467668002e-02,5.320173545431146345e-02,8.114979258770586845e-02
1.540000000000000036e+00,2.262694201849672557e-02,5.681326051245746966e-02,9.102050124553597021e-03,3.800103519557258142e-02,1.762528495343731278e-03,8.617222684547405642e-02,1.206005444486579065e-02,5.808575537456449334e-02,1.725800965078483351e-02,5.964281555080083730e-02
1.550000000000000044e+00,2.416223015057358120e-02,4.969852298658921502e-02,7.565702893980380712e-03,3.373980212877672469e-02,2.721213891715200481e-03,4.241403334492262200e-02,1.904213320918889119e-02,5.292368493952603198e-02,7.645179808331882543e-02,4.249976579634549140e-02
1.560000000000000053e+00,2.012268985590556780e-02,6.429044656006849268e-02,5.217124447558399263e-03,4.141687139242435090e-02,1.198193612233613113e-02,4.556431029228671936e-02,1.517796001637950962e-02,5.337303451569996166e-02,1.727773707542711729e-02,4.745838062587738604e-02
1.570000000000000062e+00,1.454413625781289868e-02,6.807099114990319833e-02,3.283877457739116726e-03,3.212518479043901393e-02,1.576869474533004745e-02,6.581413586037083985e-02,1.657739657271933148e-02,5.303351280415890406e-02,3.164450832718697371e-02,1.118737349934588628e-02
1.580000000000000071e+00,1.367436544708347697e-02,6.229235627875323589e-02,2.219565262312509987e-03,2.915839103056216616e-02,1.175451569670390474e-02,5.591921651077876726e-02,1.138994983296659144e-02,4.854270822376987454e-02,3.344163072582584384e-02,2.307656161524491989e-02
1.590000000000000080e+00,1.266841044277234110e-02,3.915580150743981636e-02,1.382562160512328629e-03,3.606155196424028209e-02,3.158642450248349588e-03,4.665889707050556445e-02,8.308105731819089360e-03,4.449483679879789877e-02,2.619874747860697489e-02,5.220119968057815307e-02
1.600000000000000089e+00,1.276227124244421959e-02,4.345249664587869098e-02,9.316576500186730166e-04,4.544352558583527463e-02,2.191182600103966805e-03,2.943884543610542429e-02,5.903225699226399142e-02,4.634923450434528386e-02,3.203178551858270467e-02,1.219472169143105689e-01
1.610000000000000098e+00,1.098276952568323465e-02,4.716427872574367047e-02,8.094329836536402149e-04,4.115700308393345497e-02,4.469240726349830301e-03,2.257926556865580414e-02,1.022619308405458075e-02,4.618774959927749585e-02,4.392176312638304547e-02,2.267266417940896547e-02
1.620000000000000107e+00,1.013343714744592734e-02,4.779295833860643106e-02,5.764608379222000431e-04,4.294931017781188770e-02,6.611628810094169299e-03,3.896301259466670303e-02,2.136128677134536968e-03,4.383205767348717641e-02,4.603443421324317913e-02,2.561402071214659553e-03
1.630000000000000115e+00,8.907420422426093332e-03,5.448346096204013944e-02,4.772213659460523816e-04,3.865035035548849279e-02,1.070167639399704357e-02,5.491564353645945334e-02,1.329319091558395054e-02,4.320763166439530595e-02,3.774202023041042797e-02,8.340578895283683528e-03
1.640000000000000124e+00,7.331252923717250167e-03,6.430692481109505365e-02,4.518937483746350808e-04,4.417617476082710132e-02,1.677787165633249982e-03,4.144754475874456306e-02,4.951984847844002890e-02,4.459527035799635414e-02,2.611315256720219552e-02,2.447479597833007031e-02
1.650000000000000133e+00,6.228520971904313516e-03,6.453745194717723510e-02,5.046377776359925460e-04,2.835341881673516737e-02,3.215387185523283474e-03,3.961389002267843434e-02,-2.705653672123338183e-01,4.526622724641995305e-02,2.211648830430665985e-02,-2.024087613534423027e-02
1.660000000000000142e+00,5.913760774785996321e-03,3.317522114861712335e-02,5.995585991951244342e-04,2.947156138897039090e-02,2.477699668852036130e-03,3.780229217482376086e-02,2.420728088655390853e-01,4.040607855735705439e-02,1.558255662488243661e-04,3.174382094555213557e-02
1.669999999999999929e+00,7.522800184204472482e-03,2.716493488940335474e-02,7.593468403303302132e-04,3.362462640559136379e-02,3.278468003350250726e-03,4.365301016158269765e-02,7.977438396679735477e-02,3.803883465697623090e-02,2.541793033305549815e-02,3.637853280753407942e-02
1.679999999999999938e+00,9.690411309663847853e-03,3.028259785179067409e-02,1.122696859677757650e-03,3.518778281613053199e-02,7.165697027561206307e-03,4.639608952666454678e-02,1.138673099393457643e-02,3.791194266554473447e-02,2.617259332015111077e-04,3.061840807399783884e-02
1.689999999999999947e+00,9.348401823512264563e-03,2.835421929412818356e-02,1.644187428088215780e-03,2.803275831865936069e-02,2.554828783058930939e-03,2.660856206797234530e-02,3.009968994788320140e-02,3.567634834946973449e-02,1.890842182187392126e-02,2.144014072939863166e-02
1.699999999999999956e+00,1.265471538376678612e-02,2.095941668243709449e-02,2.150767414462658247e-03,2.785071786505022642e-02,3.365863916071785023e-03,1.374957537012781034e-02,1.458962821807353524e-02,3.202972523973602464e-02,1.234515182303391745e-02,3.198656857487310046e-02
1.709999999999999964e+00,1.063681265582163207e-02,2.085513637525900077e-02,2.692990040492406444e-03,1.975362575977970478e-02,2.714633343234118795e-03,2.761670393603828447e-02,2.042467510315632354e-02,3.321990154161923170e-02,9.673564825601086575e-03,3.570256100836388669e-02
1.719999999999999973e+00,1.016124489993478625e-02,2.770508187628737545e-02,2.590550122123440758e-03,2.475723397387821420e-02,3.607960567186115682e-03,2.637250480227976493e-02,1.494047445105333750e-02,3.371572566352800532e-02,9.359220759472161935e-03,9.521155247717964093e-03
1.729999999999999982e+00,1.295887088030979635e-02,1.815787455154302052e-02,2.440463388629850443e-03,2.502463347147810407e-02,4.051490613223161959e-03,3.483966567990399305e-02,9.201094711419865449e-04,3.214773968785301916e-02,9.974779776477156468e-03,5.695838784246464587e-03
1.739999999999999991e+00,1.082162961197595356e-02,1.468501512643619229e-02,2.468607825575789422e-03,2.315736321137706194e-02,4.108626682525586167e-03,3.299319022092868370e-02,1.599638123227675041e-02,2.867269599980820996e-02,9.014825085093646287e-03,4.580785555657995722e-02
1.750000000000000000e+00,1.201464710537318917e-02,1.343314300920101477e-02,2.180898501095772640e-03,2.201806544968281168e-02,2.564833377728800365e-03,3.604790586118074291e-02,1.887570957622690393e-02,2.804398918830561943e-02,1.100923160986020700e-02,3.900673074730811457e-02
1.760000000000000009e+00,1.469601743796213229e-02,1.677344714537157624e-02,2.421796633836794180e-03,2.712371648488844447e-02,3.078272902063707104e-03,2.348840209583311772e-02,1.806193074910165258e-02,2.838521231236021750e-02,9.329859773197493253e-03,3.913679999038335855e-02
1.770000000000000018e+00,1.073659676451755272e-02,1.784017267751120822e-02,3.256148480122450419e-03,2.869514993629213376e-02,3.012580813178500610e-03,3.797511463078548366e-02,1.127954558841092088e-02,2.663934220039984591e-02,1.380730734349262280e-02,3.364744569095059340e-02
1.780000000000000027e+00,1.142291012934725306e-02,1.795973344763517401e-02,3.408294827109800869e-03,2.377336784235981743e-02,2.456796949159718944e-03,2.186375666590722328e-02,6.141776872433158535e-03,2.536771873679132677e-02,5.822530028148026685e-03,3.043595941000969921e-03
1.790000000000000036e+00,8.381551199736356900e-03,2.157630935824823501e-02,3.859683458230346934e-03,1.595662538016436732e-02,3.877218257723562093e-03,1.115904456955938741e-02,5.033973115256111693e-03,2.665800302891727092e-02,1.364490498733005042e-02,2.813049358211629821e-03
1.800000000000000044e+00,6.471605836587749662e-03,2.231361018561327236e-02,3.687171057462082773e-03,2.095694917314534431e-02,1.093539082850586127e-03,1.864586646513458068e-02,-5.682734233228706699e+01,2.664449822878160040e-02,2.884697586282421178e-02,2.809750275951305304e-02
1.810000000000000053e+00,9.340007416452050792e-03,1.596741642425255833e-02,3.078661383696502853e-03,2.438961622158648465e-02,3.018493460903941446e-03,2.490248375242058027e-02,1.037643701922614237e-01,2.160180152320572214e-02,2.161675794432534395e-02,1.470057127636198620e-02
1.820000000000000062e+00,7.015835601929665613e-03,1.087841889766397174e-02,2.512224013933030478e-03,1.924903857971415819e-02,2.066411923622839871e-03,2.874373836664147197e-02,8.889611558830248089e-03,2.135720228068595239e-02,8.447415064658302802e-03,3.753209404946991623e-02
1.830000000000000071e+00,7.810064112222014909e-03,9.962320337187727595e-03,2.119347312265743369e-03,2.072650334806604849e-02,1.646687842573976929e-03,1.681951963439642581e-02,8.480352654793953462e-03,2.006952219497333545e-02,6.301817103843752529e-03,2.733752077705004641e-02
1.840000000000000080e+00,8.315305537827662880e-03,1.125873202340350876e-02,2.016336440322083132e-03,1.953482434632839576e-02,3.637140005647792641e-03,1.266314402257725028e-02,6.654831322599492199e-03,2.007985027215569013e-02,1.614907897351199398e-02,4.928787751050328278e-03
1.850000000000000089e+00,8.397659650835284997e-03,1.055771174024932972e-02,2.213483273879566192e-03,1.659561573639080356e-02,1.370140364228820441e-03,8.545517293348849422e-03,1.234279805594065867e-02,1.794433509125031162e-02,1.046044197675954912e-02,2.031853316397876433e-02
1.860000000000000098e+00,7.958383611329982593e-03,9.499936033389815709e-03,2.233406212246597314e-03,1.177121824955999242e-02,2.905425434480064448e-03,1.736527725835761149e-02,1.051204020999951631e-02,1.802532655968083763e-02,5.256643789529959719e-03,1.547134748981537737e-02
1.870000000000000107e+00,6.003521232943660399e-03,8.050663814430241566e-03,2.163515270907234115e-03,8.764122187614450943e-03,2.479962797955197629e-03,1.386411482881165502e-02,2.572164639100611022e-03,1.944584857994847635e-02,1.037710542773055168e-02,1.126617950333294073e-02
1.880000000000000115e+00,9.723227501561234470e-03,7.740159596728747073e-03,1.933122566913586830e-03,7.294829126199913437e-03,1.979410284642869194e-03,1.165376609819336433e-02,1.519657060474073878e-03,1.772132096539014851e-02,5.482719314852445812e-03,6.711104688586101187e-03
1.890000000000000124e+00,7.454240309230407771e-03,4.932139185046849686e-03,1.402481583154385151e-03,9.957189321261486134e-03,1.815078058444778448e-03,1.858998866293996161e-02,5.772651039048562732e-04,1.479096340112225939e-02,1.293715652978729737e-02,1.624390991607455514e-03
1.900000000000000133e+00,7.719054463150727338e-03,4.700690451316490680e-03,1.049858083552655547e-03,8.873622596180309394e-03,2.023043712961290243e-03,2.008184237569863792e-02,5.569591263239487972e-03,1.396033501367533423e-02,1.023086169296829641e-02,5.188866466341014727e-03
1.910000000000000142e+00,8.098299040080679870e-03,5.014217392362228277e-03,7.331607511511522993e-04,8.881535040073001638e-03,1.892707779439750356e-03,2.130004894686951186e-02,6.975166567428105029e-03,1.401730275361413001e-02,1.065844862185438141e-02,1.579188738317798338e-02
1.919999999999999929e+00,5.794997750800184692e-03,7.267777129592475210e-03,5.892753720590380908e-04,6.689365741050989737e-03,2.358883036171050950e-03,1.370397558017942552e-02,9.160299175814462166e-03,1.327102479989048477e-02,7.607114019494683535e-03,1.464085598827043547e-02
1.929999999999999938e+00,6.090502562899391403e-03,1.043619550226061211e-02,6.721970739696311219e-04,8.089668470939828313e-03,1.915795388888254366e-03,5.421235706022068876e-03,2.735159563519894491e-02,1.289143122434493506e-02,9.273805284097437832e-03,6.814399334214365014e-03
1.939999999999999947e+00,6.348941132903849691e-03,1.113430726791648367e-02,6.383255845787748437e-04,8.471240220378341984e-03,8.204352558672146781e-04,4.855024839896910152e-03,4.726907234976125000e-02,1.350314359759367810e-02,2.577164659789062118e-02,2.473157986664802944e-03
1.949999999999999956e+00,4.585639817031464914e-03,1.131178159577287193e-02,6.054314053002753538e-04,6.648575783996310030e-03,1.236115974666713744e-03,5.292451455708591102e-02,4.738592357226468349e-02,1.381323034915639576e-02,7.954997145440437581e-03,6.271871166092232892e-03
1.959999999999999964e+00,5.318120592893717594e-03,8.183051774579841453e-03,5.115835708905173930e-04,4.508976367217382847e-03,3.699537598341998590e-04,1.858302449174474569e-02,9.356571286158674172e-03,1.251990646989105914e-02,6.508989259855427721e-03,6.903731543401923042e-03
1.969999999999999973e+00,4.898037434576825097e-03,6.649271451592221951e-03,3.818190552409065058e-04,8.999218634107759157e-03,1.473443427795125124e-03,1.950637477739301448e-02,6.939875990399256393e-03,1.100832254914955663e-02,8.245055371623754605e-04,1.060825954756348943e-02
1.979999999999999982e+00,3.921203920791641560e-03,5.957573288552143846e-03,2.718689433101311045e-04,9.641136575563941796e-03,1.124596741098723681e-03,1.925203316996826688e-02,7.623314321356948822e-03,1.121290404406438505e-02,5.100137030360596228e-03,1.071527959497248737e-02
1.989999999999999991e+00,4.713730874024626288e-03,7.512341260148228117e-03,1.912436759961848223e-04,9.763536636218178577e-03,6.392658991224595090e-04,1.466066066665070410e-02,5.815647104512254063e-03,1.108508032739425123e-02,3.863869866087307151e-03,5.744799521591933142e-04
2.000000000000000000e+00,2.820122961034717511e-03,8.446808379727195962e-03,1.799603716036940015e-04,8.023084231114446796e-03,8.913405085012817862e-04,4.253991553807042608e-02,2.792751611484667155e-03,9.799082627551128008e-03,2.417223341955919771e-03,2.847048609499350322e-03
