t,traj_0,traj_1,traj_2,traj_3,traj_4
0.000000000000000000e+00,9.999999999996439515e-01,9.999999999995673461e-01,9.999999999991903143e-01,9.999999999996584954e-01,9.999999999992564836e-01
2.000000000000000042e-02,8.217502520442786507e-01,8.401729585150505830e-01,8.824144342914763683e-01,7.951559106089742812e-01,8.211753689570908676e-01
4.000000000000000083e-02,7.606963620433571105e-01,8.694532658341392883e-01,7.054843871774786335e-01,1.041450475666465536e+00,7.600344812308842402e-01
5.999999999999999778e-02,7.895132592064413313e-01,7.268563655756247188e-01,6.971552042939608285e-01,6.249135216735418608e-01,7.746477667614919405e-01
8.000000000000000167e-02,8.218316769445194181e-01,6.897425943206408894e-01,8.029560940098158239e-01,7.070233868820118284e-01,8.557776068033484673e-01
1.000000000000000056e-01,9.709426895091834986e-01,9.426130688764631227e-01,7.975498124077794460e-01,7.366394681096197772e-01,9.922189719512135575e-01
1.199999999999999956e-01,7.889005533074995302e-01,8.853959740683633450e-01,8.180346164393234032e-01,7.105217104436155617e-01,7.741757749491717799e-01
1.400000000000000133e-01,8.132059164655317529e-01,8.780481223687266468e-01,6.988457732860445804e-01,9.532249893020929843e-01,7.311755284616507922e-01
1.600000000000000033e-01,8.659403624383954501e-01,7.880418751422882950e-01,6.188876731739808568e-01,9.072820058468534787e-01,7.635273071277451917e-01
1.799999999999999933e-01,7.494318131222177382e-01,8.034015793045924392e-01,6.684350579030069461e-01,7.367908485733455359e-01,8.457039538289256031e-01
2.000000000000000111e-01,9.137588091974785387e-01,7.908726775083267935e-01,5.049890916638924976e-01,6.291075181586430753e-01,9.202145299821506974e-01
2.200000000000000011e-01,7.555610257851929079e-01,8.591958239569357225e-01,5.940297539854098030e-01,1.007958022885580007e+00,6.710480019530298268e-01
2.399999999999999911e-01,9.045750618170937951e-01,6.782073558775728594e-01,6.262868163431477564e-01,8.501726357869796580e-01,6.440042913019505821e-01
2.600000000000000089e-01,9.183687318260308485e-01,8.245333313524291219e-01,4.512626836654199947e-01,6.769050726179149935e-01,6.805898111949415519e-01
2.800000000000000266e-01,6.244456867532773847e-01,6.056737089067985025e-01,4.556480430413813454e-01,4.269965760689864442e-01,7.466104909024838809e-01
2.999999999999999889e-01,8.621982588253125357e-01,8.439100148763348797e-01,3.592804505771228230e-01,6.227432825879116729e-01,7.682062259711033292e-01
3.200000000000000067e-01,7.417407760534814321e-01,7.391199346466332809e-01,3.713455510303344531e-01,6.824062389086228420e-01,5.276250558876258712e-01
3.400000000000000244e-01,9.418855353155128896e-01,7.524057599652860251e-01,3.886851584827318851e-01,9.357694196974767342e-01,5.249255028673457391e-01
3.599999999999999867e-01,8.983297211651587455e-01,6.754837595742378964e-01,4.087832678584008006e-01,6.769807929994439144e-01,5.731724070996793152e-01
3.800000000000000044e-01,5.374032197978472203e-01,6.264146078554668762e-01,3.049445497584775122e-01,6.981154392915494000e-01,6.339174371172174860e-01
4.000000000000000222e-01,8.196971731783654347e-01,5.127336834974222102e-01,4.638341377249046160e-01,5.789677601757885483e-01,6.391825088736470262e-01
4.199999999999999845e-01,7.346341239625658881e-01,6.073699014574331922e-01,4.213466699050504305e-01,7.795115293164304182e-01,4.291470775777938562e-01
4.400000000000000022e-01,8.655910888899213118e-01,6.710238384349852536e-01,4.445326301112804690e-01,6.985710757223044798e-01,4.578426415584152531e-01
4.600000000000000200e-01,8.366468581779449298e-01,6.493358029121284458e-01,4.361315878486915487e-01,5.811561415519965745e-01,5.294486595214721314e-01
4.799999999999999822e-01,5.678410959482378395e-01,6.144668245247723037e-01,4.966623585024203535e-01,4.730079742366181672e-01,6.003260109049319837e-01
5.000000000000000000e-01,8.174764130222564873e-01,4.837490529541187412e-01,5.549144534514617311e-01,2.995629014597048223e-01,6.034303766069993857e-01
5.200000000000000178e-01,7.180222411157379803e-01,5.807722096704788228e-01,6.532151060804487486e-01,5.874806915328907309e-01,3.994255622583258725e-01
5.400000000000000355e-01,7.333797523385626738e-01,5.068587630759928686e-01,5.392256493426103026e-01,6.292570766400281679e-01,4.553694854264114800e-01
5.600000000000000533e-01,7.888798796168443594e-01,4.817700862670211137e-01,4.640773686266285725e-01,5.979353786791091752e-01,5.444693636672899295e-01
5.799999999999999600e-01,6.782837844102109770e-01,5.670830970691334016e-01,6.264493868732928794e-01,4.924865362379031719e-01,6.147738003580783817e-01
5.999999999999999778e-01,8.014522158529296947e-01,5.731488234650605751e-01,5.178285321522868578e-01,5.676612358756638610e-01,6.020363999024896939e-01
6.199999999999999956e-01,6.203720155393946944e-01,5.025957882174865166e-01,7.374283071405351997e-01,8.818537953190915823e-01,3.825594318588083631e-01
6.400000000000000133e-01,5.432366739516699683e-01,5.704153434664444022e-01,6.333060882923100543e-01,6.836607658793015796e-01,4.531488883671812018e-01
6.600000000000000311e-01,6.748116734061244681e-01,5.066846386113047496e-01,7.304041892934838298e-01,5.695449158710227389e-01,5.421129342791846106e-01
6.800000000000000488e-01,6.762281322177271514e-01,5.440886362143453336e-01,6.305738951210235754e-01,5.751312809454581787e-01,5.907669932484184150e-01
7.000000000000000666e-01,6.760666926237682839e-01,5.524709972107146871e-01,6.125158368380636542e-01,4.494893760093081614e-01,5.578683007638993718e-01
7.199999999999999734e-01,4.849400120347981402e-01,4.217071270468466526e-01,5.481347752581808841e-01,7.992874905889563175e-01,3.381795983865014121e-01
7.399999999999999911e-01,4.092253592538120377e-01,6.021250465287681930e-01,6.539657031949832611e-01,5.841949922007365625e-01,4.123571342191350575e-01
7.600000000000000089e-01,5.707616049936735658e-01,4.514526752932071507e-01,6.495659061925613820e-01,6.085637505221881405e-01,4.903986819731391278e-01
7.800000000000000266e-01,5.783202205386736017e-01,5.350410539394618858e-01,5.147872635129628893e-01,5.442378951723173541e-01,5.128536696227212754e-01
8.000000000000000444e-01,5.614963780803899907e-01,5.146982855825334990e-01,4.025184014486824502e-01,5.001867498666380252e-01,4.709202484891255591e-01
8.200000000000000622e-01,4.235156673377036829e-01,4.143479338720887917e-01,4.054955382884997128e-01,5.893067483883653868e-01,2.756302534915534008e-01
8.399999999999999689e-01,3.730396277672767824e-01,3.882929725711237179e-01,4.940283821054425872e-01,4.760692098842288500e-01,3.444660095456181792e-01
8.599999999999999867e-01,4.716167666451950291e-01,3.672683426288703701e-01,4.099101802665362504e-01,3.214042869490725818e-01,4.029476575625544621e-01
8.800000000000000044e-01,3.812610763189771546e-01,2.620236795285232900e-01,5.216957486124707000e-01,3.138837660369496185e-01,3.993450972248582809e-01
9.000000000000000222e-01,3.980409506044303991e-01,3.113825829754257590e-01,3.774480100142448280e-01,2.109803244980125170e-01,3.535174636295611017e-01
9.200000000000000400e-01,3.332447007176679299e-01,2.640960550574075194e-01,5.320471554654135904e-01,4.423658100750019750e-01,1.980618240912964956e-01
9.400000000000000577e-01,3.065901874889405687e-01,2.415301281920428644e-01,4.782971030775407528e-01,2.501985716155567530e-01,2.478068862708819597e-01
9.599999999999999645e-01,3.177958521990065788e-01,1.979791955447713359e-01,4.229089023122656332e-01,2.392205255591423607e-01,2.782421775398285502e-01
9.799999999999999822e-01,1.956611470645000517e-01,1.158806596385594384e-01,4.424404735219791829e-01,1.776723340254785233e-01,2.573475551187701660e-01
1.000000000000000000e+00,2.654144086701936134e-01,1.339815499300908708e-01,4.015381758881620966e-01,1.731524171066092799e-01,2.211049480804553047e-01
1.020000000000000018e+00,2.671198226026364475e-01,9.824894004385352486e-02,3.790681334687235893e-01,2.125897401451647128e-01,1.203187207337370612e-01
1.040000000000000036e+00,2.674876008311915521e-01,8.637475525474425098e-02,3.456781227052210803e-01,1.171443263976029159e-01,1.519009146849181202e-01
1.060000000000000053e+00,2.564189145397755554e-01,7.254028283942461075e-02,3.189087056683920784e-01,6.365720590871236373e-02,1.657426449446788297e-01
1.080000000000000071e+00,1.375517966185133834e-01,6.460476292649486307e-02,2.593232143396649869e-01,6.066964804581917448e-02,1.448695814081304989e-01
1.100000000000000089e+00,2.274351567881328362e-01,4.244685273522456892e-02,2.993351423549415746e-01,4.933896895815154116e-02,1.240057953209637021e-01
1.120000000000000107e+00,2.343260838239443200e-01,3.921768670061839823e-02,1.939877713080795651e-01,6.145082913738405400e-02,6.721705822356299764e-02
1.140000000000000124e+00,2.146254353692597094e-01,3.028982374535724859e-02,2.318769715357411054e-01,4.573443817311076409e-02,8.587555075042337116e-02
1.159999999999999920e+00,1.950109601884171540e-01,3.084710395928028787e-02,2.296950131318954702e-01,3.643340083748362879e-02,9.167518363439483564e-02
1.179999999999999938e+00,1.051744386977148116e-01,2.620886012307566820e-02,2.728277585449437881e-01,5.363000120216940975e-02,7.621933884240128521e-02
1.199999999999999956e+00,1.459204991874713808e-01,2.300134736150592427e-02,2.092134777143500324e-01,3.761075934509811036e-02,6.632200799460179208e-02
1.219999999999999973e+00,1.297248486375658094e-01,2.882309815954279750e-02,1.826960434857782256e-01,9.420557138268957631e-02,3.687755983651797020e-02
1.239999999999999991e+00,1.039998004425685546e-01,3.184752397384272432e-02,1.494019541748581315e-01,5.890860449083463318e-02,4.830860204620530257e-02
1.260000000000000009e+00,1.054552345392946594e-01,3.506441628638930913e-02,1.520174877400417290e-01,6.204094445590335044e-02,5.138684194672540201e-02
1.280000000000000027e+00,7.456237442753740896e-02,3.624122737523231830e-02,1.744451339008268875e-01,6.711122469623320708e-02,4.146723305649225449e-02
1.300000000000000044e+00,8.233116783074463652e-02,3.144140984434377201e-02,1.130681883219052941e-01,7.186680843585829814e-02,3.754775514875458714e-02
1.320000000000000062e+00,7.044041207504855850e-02,2.743050254892795761e-02,1.373127256221237102e-01,1.495924071028237878e-01,2.178568906933232158e-02
1.340000000000000080e+00,5.707968529350630066e-02,3.482989774697932417e-02,1.216374573935276315e-01,1.096508683166415449e-01,2.909141860482615874e-02
1.360000000000000098e+00,7.295176892062403551e-02,3.289320423778804847e-02,1.061482905554722578e-01,1.034694605870890988e-01,3.055139775459022114e-02
1.380000000000000115e+00,6.370411411914576882e-02,4.100782284271242001e-02,1.030565368794509468e-01,1.163452922786662180e-01,2.372710940424277784e-02
1.400000000000000133e+00,5.388750247000626686e-02,3.815883035770148424e-02,1.078064807317081902e-01,1.093112757925131379e-01,2.247747879781250221e-02
1.419999999999999929e+00,4.072637129803381717e-02,3.373274462062375578e-02,1.123481514197736258e-01,1.462194994022273375e-01,1.368064682358543019e-02
1.439999999999999947e+00,2.893895398834431254e-02,3.323444847995959267e-02,1.181120848278586627e-01,1.046066817534581084e-01,1.846225175684962014e-02
1.459999999999999964e+00,3.613489875478387986e-02,2.541819104374011540e-02,9.760502298678258581e-02,6.564461475682255298e-02,1.911848438852330884e-02
1.479999999999999982e+00,2.903805999121398390e-02,3.543259535768498308e-02,7.987260278874858122e-02,7.630910299368644234e-02,1.421234769734181988e-02
1.500000000000000000e+00,2.080692696335785519e-02,3.112138812903608373e-02,6.658908679388414464e-02,4.203707510818080473e-02,1.411489931658911623e-02
1.520000000000000018e+00,1.548373955682616834e-02,2.738836366814877132e-02,5.032613188850468960e-02,1.166742121325755471e-01,8.958225173193569077e-03
1.540000000000000036e+00,1.102777254145396665e-02,2.219351000164251561e-02,5.261498616927233474e-02,5.769977803109793690e-02,1.181325749613884937e-02
1.560000000000000053e+00,1.385690929574013089e-02,2.219523952678880210e-02,3.667644774863758339e-02,5.731138411243186237e-02,1.162170837098375382e-02
1.580000000000000071e+00,1.162493228615494451e-02,1.713240244544234417e-02,4.867888540580456863e-02,6.214854443238715387e-02,7.879984095129672836e-03
1.600000000000000089e+00,1.101119171172025568e-02,1.582948721622540189e-02,3.716799890189163846e-02,5.242367040384623977e-02,7.810572416486679347e-03
1.620000000000000107e+00,1.075255211338620003e-02,9.591489669792587630e-03,3.026563483063070964e-02,5.022568913120982470e-02,4.919899690261888593e-03
1.640000000000000124e+00,8.766550507258696542e-03,9.400057196839584420e-03,2.347472335103576585e-02,3.221405411666882629e-02,5.977680885459553742e-03
1.660000000000000142e+00,1.021255588828419436e-02,5.292059584838953307e-03,2.044171201498197823e-02,3.581247448682559759e-02,5.315858142662214202e-03
1.679999999999999938e+00,7.420232698171371107e-03,4.907797933556894317e-03,3.582860762297205431e-02,2.994421307581040734e-02,3.144732864635105610e-03
1.699999999999999956e+00,8.221270541985068944e-03,3.970501327549300595e-03,3.915509987442190865e-02,1.857740545939688681e-02,2.994719248585883935e-03
1.719999999999999973e+00,7.718791621051150631e-03,2.913970309425823607e-03,3.213481407646408272e-02,2.130383679034211775e-02,1.797882023004448602e-03
1.739999999999999991e+00,5.259882909082623861e-03,2.166264783260020421e-03,2.803662053402650178e-02,1.816299725382226893e-02,1.934508301599570336e-03
1.760000000000000009e+00,4.803984467821225193e-03,1.381947246135711762e-03,2.085757242752416668e-02,1.485036951512373748e-02,1.523014232371360270e-03
1.780000000000000027e+00,2.685445493019636247e-03,1.102957053765476992e-03,1.778374199446154311e-02,1.748338124842617122e-02,7.868835948721385762e-04
1.800000000000000044e+00,3.119820348086523292e-03,9.897104369614238405e-04,2.524325409797583547e-02,9.064165620986424504e-03,7.466390281428143642e-04
1.820000000000000062e+00,2.810930096911399591e-03,9.284775454707762214e-04,2.026029212859475903e-02,1.018501145255522669e-02,4.557875073799124766e-04
1.840000000000000080e+00,1.951457922752671990e-03,8.816942103102644616e-04,2.867016615053629217e-02,6.559752054463492167e-03,4.782951668431340356e-04
1.860000000000000098e+00,2.079568206558699353e-03,7.861282611981271250e-04,2.121140537810250679e-02,7.014761173495484038e-03,3.842573818533312263e-04
1.880000000000000115e+00,1.418933673871891274e-03,6.794104767370629959e-04,1.300699406810861686e-02,8.013117047758111858e-03,2.056321020773801576e-04
1.900000000000000133e+00,1.833187208604221581e-03,7.882311493318853134e-04,1.097523543013194380e-02,1.024744389553307322e-02,2.339551696380927630e-04
1.919999999999999929e+00,1.775376431264540740e-03,7.357331283988577603e-04,1.040806415214659900e-02,1.088536807235381335e-02,1.726185807581743592e-04
1.939999999999999947e+00,1.272076835471712452e-03,7.142949102595003456e-04,1.420833937885313675e-02,8.382675333682748989e-03,2.017602776187793576e-04
1.959999999999999964e+00,1.360388431811050160e-03,8.532005690789069667e-04,1.204490477486636069e-02,1.113684289149410520e-02,1.811744671217325813e-04
1.979999999999999982e+00,8.858597412229876275e-04,7.815608910872106838e-04,9.214101945886479100e-03,2.485346981597377422e-02,1.043496672840323915e-04
2.000000000000000000e+00,7.344659150081022823e-04,8.211362852384635792e-04,5.640376697461839048e-03,1.832944620307183289e-02,1.400063450199661569e-04
2.020000000000000018e+00,5.709933243040986577e-04,7.139507783888675557e-04,4.058513460859597584e-03,1.280225419552179916e-02,1.175783492700314942e-04
2.040000000000000036e+00,3.416091855637439379e-04,8.018824524387913651e-04,2.979934608335972363e-03,9.867779561177833503e-03,1.396402103380327015e-04
2.060000000000000053e+00,3.107715683891975754e-04,6.765730967319547777e-04,2.794296720503495774e-03,1.085689691653471747e-02,1.254330208996764563e-04
2.080000000000000071e+00,1.881564807799789853e-04,6.174485649580866483e-04,3.352523231697297247e-03,1.451201707978634799e-02,6.888583551259808786e-05
2.100000000000000089e+00,1.194138663313046035e-04,3.963751503982375639e-04,4.035979917201076676e-03,9.806534474309389071e-03,9.544515156999545144e-05
2.120000000000000107e+00,1.127677662547371782e-04,5.382809341151809611e-04,2.608597867457387864e-03,7.111254600890599444e-03,7.953762255544455460e-05
2.140000000000000124e+00,9.138668685429083248e-05,3.969445009120134600e-04,1.605996853556156904e-03,9.004786444594787068e-03,8.380977455142986734e-05
2.160000000000000142e+00,1.145908020133103768e-04,4.723583070917298458e-04,1.118262096515163341e-03,7.374140532145588393e-03,6.565554043520860936e-05
2.180000000000000160e+00,9.977340147092317833e-05,5.335941903668011809e-04,1.069912861085166181e-03,8.154438893750755660e-03,2.958089151616290319e-05
2.200000000000000178e+00,7.711065664589281034e-05,5.392147510441394143e-04,1.692774065976409203e-03,5.108037038984949985e-03,3.574355500156014458e-05
2.220000000000000195e+00,9.544232155356250258e-05,5.716542870484771091e-04,1.326011036031943908e-03,6.730130258636076931e-03,2.516383560781104977e-05
2.240000000000000213e+00,7.928730855055014250e-05,5.585097535689726323e-04,1.311719593669522866e-03,5.659694380555878312e-03,2.089595169241263974e-05
2.260000000000000231e+00,8.500439174777872176e-05,5.075832582266494091e-04,7.650266984669698393e-04,2.614888770174335440e-03,1.375766767271068018e-05
2.280000000000000249e+00,6.351119282576347643e-05,6.636251786018359470e-04,4.157554382271731568e-04,5.244869530616935033e-03,5.413852294044893499e-06
2.300000000000000266e+00,4.312196548135858066e-05,6.251159948199478626e-04,3.106735479650090054e-04,4.960117204877058893e-03,6.656184184227165045e-06
2.319999999999999840e+00,4.215901964068505481e-05,6.275396800533614801e-04,3.922688428778035559e-04,3.568497541777818256e-03,5.115105873667885452e-06
2.339999999999999858e+00,2.522491784396557280e-05,6.469794470822927369e-04,5.315064116214724245e-04,2.303253704052460327e-03,4.692299046518901790e-06
2.359999999999999876e+00,2.159509500181265622e-05,3.787046866581634326e-04,6.047976307564039387e-04,2.866577478093556858e-03,3.809584115465530150e-06
2.379999999999999893e+00,1.548435003331924740e-05,4.328991314174523769e-04,4.583671059680500333e-04,5.086819242661800612e-03,1.906190451124657249e-06
2.399999999999999911e+00,1.418447502424358161e-05,2.968234317341495571e-04,2.675489252854108932e-04,2.399674437695138024e-03,3.154874488125236635e-06
2.419999999999999929e+00,1.681029093119422893e-05,2.180653009009488042e-04,1.706919070937760379e-04,1.112119271208699767e-03,3.092672961643443615e-06
2.439999999999999947e+00,1.259967911796758796e-05,1.965952107619447727e-04,2.457224163478277722e-04,1.859389615355749132e-03,3.174756041258688276e-06
2.459999999999999964e+00,1.630216288061390786e-05,1.312754691169780441e-04,4.563978213590566026e-04,1.752461219786090232e-03,2.829286962530038162e-06
2.479999999999999982e+00,1.560623376990568126e-05,1.015453950468343878e-04,4.482741707636364375e-04,2.858179773355542554e-03,1.474277116702056705e-06
2.500000000000000000e+00,1.726105323950414733e-05,7.429979382523663862e-05,5.311110426667594664e-04,8.369181482254245278e-04,2.537009898204625086e-06
2.520000000000000018e+00,1.576657901088696022e-05,5.851004349381710285e-05,3.407323826717114333e-04,1.196799715098993602e-03,2.459912793654850571e-06
2.540000000000000036e+00,8.130143714583905822e-06,5.437982863476163270e-05,1.856583631505391303e-04,1.927992596127064929e-03,2.242604442347560221e-06
2.560000000000000053e+00,8.180239834794388493e-06,4.521889170694593272e-05,1.665471181273706406e-04,1.312267237429485135e-03,1.771763901345069729e-06
2.580000000000000071e+00,5.519808442857332860e-06,3.309431849022147882e-05,1.871970933778408094e-04,1.329613512238403709e-03,7.802508702081195369e-07
2.600000000000000089e+00,3.987911117073164968e-06,5.207251752436488693e-05,3.868795430786737947e-04,7.291587828446376802e-04,1.105017438829921348e-06
2.620000000000000107e+00,2.356207273000759373e-06,4.920946065259023327e-05,3.775624008507570076e-04,8.240255783852008841e-04,8.509260005564706353e-07
2.640000000000000124e+00,8.919086391449736960e-07,5.856712333929402252e-05,2.235804208503881460e-04,4.251269401350511431e-04,5.715210573271397889e-07
2.660000000000000142e+00,7.585460056649288442e-07,5.264065569030239143e-05,1.352923406117786823e-04,2.840299737976591417e-04,3.512293833389275690e-07
2.680000000000000160e+00,5.538576986925508386e-07,4.577947711406180374e-05,5.904687025379582810e-05,5.800075281272872420e-04,1.240439723201636044e-07
2.700000000000000178e+00,4.868055189317914548e-07,3.511334204441987443e-05,6.021349807345625904e-05,4.013290328100327050e-04,1.475761065454428544e-07
2.720000000000000195e+00,5.355083263683000084e-07,3.269887622332876172e-05,9.646747844063882865e-05,2.128461936774610739e-04,1.049212430966365315e-07
2.740000000000000213e+00,4.242538916588033634e-07,2.929668380468449190e-05,8.237674028182763095e-05,1.733663267546067636e-04,6.937046451936727198e-08
2.760000000000000231e+00,5.397909877495004106e-07,2.945719254393616067e-05,7.186504679404246755e-05,2.211756468899432463e-04,5.009237842997339673e-08
2.780000000000000249e+00,4.971112921502745081e-07,2.252542276165567150e-05,5.683711191739121904e-05,4.603838480620569672e-04,2.329134269981720463e-08
2.800000000000000266e+00,3.814111694557465314e-07,1.312455450229261855e-05,2.093550863753328476e-05,1.125985272480696075e-04,3.826468931160213527e-08
2.819999999999999840e+00,4.932804578192911862e-07,1.015346201191158513e-05,1.382047163942585788e-05,4.258063482387858663e-05,4.091768078356269735e-08
2.839999999999999858e+00,4.246003982295180741e-07,5.097673210470478875e-06,1.778291928673836317e-05,6.201602916611995576e-05,4.197081707510432395e-08
2.859999999999999876e+00,4.088711775921281383e-07,4.279272172636007507e-06,3.970969699180911899e-05,6.349629141415675203e-05,5.288386341858188957e-08
2.879999999999999893e+00,2.962964082859576011e-07,2.526295836303426676e-06,4.101357842990895975e-05,5.704251702416043705e-05,4.389601571806357797e-08
2.899999999999999911e+00,1.487775719460751229e-07,1.543242261591834616e-06,2.332773769389513479e-05,1.185577459457365562e-05,1.149906097604037758e-07
2.919999999999999929e+00,1.677784375901941402e-07,1.088469209225133358e-06,1.184845751201854088e-05,2.645649237377329624e-05,1.773194916293617675e-07
2.939999999999999947e+00,1.249130240107124614e-07,1.092565000677666396e-06,3.979979176868602499e-06,2.948118878324772281e-05,2.181555047904979835e-07
2.959999999999999964e+00,1.252261686125536734e-07,9.902591570339461561e-07,3.860047923965331033e-06,2.287015031359942031e-05,3.030098115826383501e-07
2.979999999999999982e+00,1.486740387527644310e-07,1.155047254182654239e-06,5.641803677580539891e-06,1.840826380693702660e-05,2.455260052335295405e-07
3.000000000000000000e+00,1.412640557879383714e-07,9.493204446843953182e-07,7.326772026092979494e-06,2.584707373536977769e-05,5.148271068599255255e-07
3.020000000000000018e+00,2.939855659365282315e-07,1.052155830590419161e-06,6.408834342092599981e-06,2.392373650673258634e-05,5.798502209861734595e-07
3.040000000000000036e+00,3.102029589928396585e-07,8.994403604611496130e-07,3.266399467690562720e-06,1.570414706489231508e-05,4.590922936489220224e-07
3.060000000000000053e+00,3.315118717028291278e-07,7.551029101850033774e-07,9.475235246455718008e-07,7.579505774489192023e-06,4.087373830877649769e-07
3.080000000000000071e+00,3.153553050717127228e-07,9.621024610507368495e-07,6.730856271734699319e-07,2.842771011590675820e-05,2.064555567758734281e-07
3.100000000000000089e+00,2.202179137314337774e-07,7.636051580935296476e-07,1.125559952394206658e-06,1.474264628248887529e-05,2.451763187075824853e-07
3.120000000000000107e+00,2.280036758351279458e-07,6.536052586443435660e-07,3.276740736089379626e-06,7.366262453619658127e-06,1.677690349698167944e-07
3.140000000000000124e+00,1.235698278922423731e-07,4.482083311147796301e-07,4.314149170206694014e-06,5.374414014118186471e-06,8.710044419570091576e-08
3.160000000000000142e+00,8.609331811498532230e-08,3.693285494823156113e-07,2.843990487625495408e-06,1.005735159289635673e-05,6.293318058637534248e-08
3.180000000000000160e+00,5.217878217524139930e-08,2.980170160161493113e-07,2.224272890867373331e-06,1.558587447256152935e-05,3.047136621521362787e-08
3.200000000000000178e+00,2.389458732219690769e-08,2.058724963525444877e-07,7.765479955883463668e-07,4.059529944441082287e-06,3.552221181892670312e-08
3.220000000000000195e+00,1.298268312511381659e-08,1.387061814201548840e-07,1.144176684780570832e-06,3.382994257881543899e-06,2.645533318958763705e-08
3.240000000000000213e+00,6.749900977704980203e-09,8.514325094557002752e-08,2.559605904625366807e-06,7.812822229560119206e-06,1.502067158058362638e-08
3.260000000000000231e+00,9.981015122635362387e-09,4.550274681128651474e-08,4.463517430716712306e-06,7.748227262810246087e-06,1.231345289678786537e-08
3.280000000000000249e+00,1.391841583896417019e-08,2.898886810589490762e-08,4.213248500096724303e-06,5.242374156937595850e-06,6.364493766408193032e-09
3.300000000000000266e+00,1.442159847089722784e-08,2.192253318431302651e-08,3.661283411772860877e-06,2.306123085403504077e-06,6.658374486990469168e-09
3.320000000000000284e+00,1.330961939675903441e-08,2.045302679783639977e-08,1.115850996064952911e-06,5.642705685181425529e-06,4.618090748240078488e-09
3.339999999999999858e+00,7.264607201384152481e-09,3.001057393057945577e-08,5.169349669991222380e-07,6.308423388857028101e-06,2.797967467281258855e-09
3.359999999999999876e+00,7.238696073106546173e-09,2.921208439187301424e-08,1.025855357979200098e-06,2.146556003490840008e-06,3.305414252911115935e-09
3.379999999999999893e+00,6.653358672840367759e-09,4.597268542723645006e-08,2.678134365248000519e-06,1.423319396031477910e-06,2.912021190225094629e-09
3.399999999999999911e+00,5.608236591444560894e-09,4.474775685421576651e-08,2.386584861936948649e-06,1.546693657417896747e-06,4.795603000942180626e-09
3.419999999999999929e+00,5.897115915746879678e-09,6.932226604546191501e-08,1.943976682130341273e-06,1.580497217599896170e-06,5.016835976215656657e-09
3.439999999999999947e+00,4.130016346601754116e-09,7.196286871335594611e-08,1.063619957180517697e-06,6.784103026585835037e-07,3.911293235328669134e-09
3.459999999999999964e+00,3.690820646186228447e-09,7.090677403883843430e-08,1.771320259609369209e-07,3.763941971701207196e-07,5.242881068592761468e-09
3.479999999999999982e+00,2.578436909739547427e-09,5.394632032310999031e-08,2.057152324097901002e-07,1.014194244278568855e-06,4.588505665322330708e-09
3.500000000000000000e+00,1.233762755065133915e-09,5.994866992356226158e-08,4.746083106719802977e-07,6.615531692806050737e-07,6.277520447723557791e-09
3.520000000000000018e+00,1.882143063662711353e-09,4.405047293635836739e-08,1.052134849532731366e-06,4.226172161041536803e-07,5.363956963625155696e-09
3.540000000000000036e+00,4.163544008371000291e-09,4.183145594708733304e-08,1.085674705506772058e-06,4.463238346253577283e-07,3.303712810867201953e-09
3.560000000000000053e+00,8.722742489452709739e-09,3.807628222054276275e-08,6.570516634081526936e-07,9.120548279050682082e-07,3.701471949521508524e-09
3.580000000000000071e+00,1.659613373213157591e-08,3.050574762336615917e-08,2.319397111297044958e-07,1.009327710400101681e-06,2.917532187028657215e-09
3.600000000000000089e+00,1.733213508695023422e-08,2.105249303778327492e-08,4.327356136517666573e-08,2.466504370942416256e-07,3.756694730272518746e-09
3.620000000000000107e+00,3.205945542009121022e-08,1.041339992408884155e-08,1.212381487467125861e-07,2.958252774509800769e-07,3.643812101504289053e-09
3.640000000000000124e+00,3.452192670642310823e-08,5.590725492177158973e-09,4.999547243240783630e-07,8.526439717074645184e-07,2.858373545763419357e-09
3.660000000000000142e+00,2.911518978362436557e-08,2.813213621065753195e-09,3.343060516022258165e-07,8.401640092590354978e-07,4.340986055005401720e-09
3.680000000000000160e+00,2.763909619372397002e-08,1.201434643499457113e-09,2.039182778470355799e-07,2.658070845314861019e-07,4.215031810589730218e-09
3.700000000000000178e+00,1.413793189036194006e-08,1.168699980908107229e-09,1.450714529755556264e-07,2.050768321879507115e-07,5.193488823086311511e-09
3.720000000000000195e+00,1.331324989956270444e-08,2.508714529576491210e-09,1.769910293408233262e-08,8.920763694864351816e-07,4.295321750474691398e-09
3.740000000000000213e+00,6.749253941120774938e-09,3.310898670958942504e-09,7.863838180374377155e-09,1.176089447722675802e-06,2.675758527601354624e-09
3.760000000000000231e+00,2.380514752898500782e-09,4.967591045273416909e-09,1.760654813971575029e-08,4.019171189751460084e-07,3.171937662553267937e-09
3.780000000000000249e+00,7.207422551803711271e-10,5.452789747198327756e-09,3.787586566957363655e-08,3.339648627429074670e-07,2.221123444615718998e-09
3.800000000000000266e+00,4.192067620522861617e-10,4.840751886061007903e-09,2.156546466903505537e-08,6.035079714302341140e-07,1.594409475984025344e-09
3.820000000000000284e+00,1.557757546272617712e-09,6.134536892524232417e-09,7.421384972417460032e-09,3.425084466862879997e-07,6.648387509265063576e-10
3.839999999999999858e+00,2.692411949562655147e-09,4.145396732054659863e-09,3.055296872800302815e-09,1.398484132823713356e-07,2.001057368868888243e-10
3.859999999999999876e+00,3.744772584103389488e-09,4.705558846483010096e-09,2.089700001530369985e-10,8.132981917047166015e-08,2.315211717650684763e-10
3.879999999999999893e+00,4.977110769379514357e-09,3.569027250705071778e-09,7.732220644497982722e-10,1.222384198100420096e-07,3.507850413622490261e-10
3.899999999999999911e+00,3.707649429331400516e-09,2.641335277180017593e-09,4.211164655052632591e-09,5.299733767450674828e-08,5.308314258544924160e-10
3.919999999999999929e+00,3.374056192873282597e-09,1.825604865770782449e-09,6.500153455269434564e-09,1.710274105522261195e-08,4.509361453723331093e-10
3.939999999999999947e+00,1.858196211633874986e-09,1.019111885516068090e-09,1.400427934216165942e-08,1.506850118706990040e-08,2.530731143800451979e-10
3.959999999999999964e+00,9.941966587355373358e-10,3.917163753061008225e-10,1.229642236205034849e-08,2.496488391132521755e-08,2.575288245179728299e-10
3.979999999999999982e+00,4.316134291593567634e-10,3.409103855515585763e-10,2.986197473141504153e-09,1.530934764950334830e-08,1.606118582636499406e-10
4.000000000000000000e+00,2.330015313169603160e-10,1.290774072930675748e-10,8.375958805860000085e-10,3.219856373095188924e-09,1.127530237500843731e-10
